threshold,net_benefit_model,net_benefit_treat_all,net_benefit_treat_none
0.01,0.0516332294030265,0.05120517438707419,0.0
0.02,0.04527614601236436,0.041523594533881075,0.0
0.03,0.03932113152151176,0.031642394477529326,0.0
0.04,0.03518734662117675,0.021555336086670256,0.0
0.05,0.03148065891069927,0.011255918571793103,0.0
0.060000000000000005,0.027565207092453282,0.0007373645140462196,0.0
0.06999999999999999,0.02484761071754741,-0.0100073950073081,0.0
0.08,0.022078743354126493,-0.020985736257387547,0.0
0.09,0.01940688150061467,-0.03220535973274345,0.0
0.09999999999999999,0.01636040781309232,-0.043674308174218385,0.0
0.11,0.014907967662077998,-0.05540098579415342,0.0
0.12,0.012438988556783494,-0.06739417881454152,0.0
0.13,0.011042243288483248,-0.07966307742160525,0.0
0.14,0.008782003365808231,-0.09221729925208902,0.0
0.15000000000000002,0.007900879870712875,-0.10506691453740774,0.0
0.16,0.007131313649539542,-0.11822247304380543,0.0
0.17,0.0054735011152528944,-0.13169503295999585,0.0
0.18000000000000002,0.004585488483723046,-0.14549619189853238,0.0
0.19,0.003666682184668658,-0.15963812019357596,0.0
0.2,0.0026485904112048837,-0.17413359669599568,0.0
0.21000000000000002,0.0023889024004945993,-0.18899604728708425,0.0
0.22,0.0014319193705079857,-0.20423958635486736,0.0
0.23,0.0009911080121171693,-0.21987906150233313,0.0
0.24000000000000002,0.0011340975890975404,-0.23593010178525867,0.0
0.25,0.0010773927096426657,-0.25240916980906203,0.0
0.26,0.0012909300034457142,-0.2693336180497251,0.0
0.27,0.0008215734361202041,-0.2867217498038309,0.0
0.28,0.0001296861594940234,-0.30459288521777306,0.0
0.29000000000000004,7.587272603117208e-05,-0.32296743289689656,0.0
0.3,-0.0004360875253315551,-0.3418669676525665,0.0
0.31,-0.0002680469784859781,-0.3613143150098501,0.0
0.32,-0.0004330696185818562,-0.38133364317175966,0.0
0.33,-0.0006298191213085242,-0.4019505632190994,0.0
0.34,-0.0007019376744641613,-0.4231922384193888,0.0
0.35000000000000003,-0.0012983963423898789,-0.44508750362584093,0.0
0.36000000000000004,-0.001425300772131443,-0.4676669958699947,0.0
0.37,-0.0012170547275593066,-0.4909632973917405,0.0
0.38,-0.0010310532382601847,-0.5150110925109621,0.0
0.39,-0.0012599018571777614,-0.5398473399291747,0.0
0.4,-0.001436523612856887,-0.5655114622613276,0.0
0.41000000000000003,-0.0014091322727812251,-0.592045554842028,0.0
0.42000000000000004,-0.0016160890644639977,-0.6194946161324079,0.0
0.43,-0.001817706413636893,-0.6479068023803447,0.0
0.44,-0.0018726111381884413,-0.677333709565708,0.0
0.45,-0.0019099234398210869,-0.7078306861032664,0.0
0.46,-0.001902063672579025,-0.7394571802903639,0.0
0.47000000000000003,-0.0024258276103904025,-0.7722771270882953,0.0
0.48000000000000004,-0.0024172272331726453,-0.8063593795323011,0.0
0.49,-0.0018625514490227767,-0.8417781908956794,0.0
0.5,-0.0017956545160711078,-0.878613754713593,0.0
